DISTRICT_NAME,GROUP_BY,GROUP_BY_VALUE,COHORT,STUDENT_COUNT,COHORT_COUNT,CESA,EXPECTED_COHORT,TEST_SUBJECT,Composite_Score,GRAD_RATE
Galesville-Ettrick-Trempealeau,All Students,All Students,2020,96,103,4.0,2020.0,ELA,2.4545454545454546,0.9320388349514563
Galesville-Ettrick-Trempealeau,All Students,All Students,2020,96,103,4.0,2020.0,Mathematics,2.2954545454545454,0.9320388349514563
Galesville-Ettrick-Trempealeau,All Students,All Students,2020,96,103,4.0,2020.0,Science,2.875,0.9320388349514563
Galesville-Ettrick-Trempealeau,All Students,All Students,2020,96,103,4.0,2020.0,Social Studies,2.8863636363636362,0.9320388349514563
Galesville-Ettrick-Trempealeau,All Students,All Students,2021,118,126,4.0,2021.0,ELA,2.172727272727273,0.9365079365079365
Galesville-Ettrick-Trempealeau,All Students,All Students,2021,118,126,4.0,2021.0,Mathematics,2.109090909090909,0.9365079365079365
Galesville-Ettrick-Trempealeau,All Students,All Students,2021,118,126,4.0,2021.0,Science,2.381818181818182,0.9365079365079365
Galesville-Ettrick-Trempealeau,All Students,All Students,2021,118,126,4.0,2021.0,Social Studies,2.4545454545454546,0.9365079365079365
Galesville-Ettrick-Trempealeau,All Students,All Students,2022,102,108,4.0,2022.0,ELA,2.323809523809524,0.9444444444444444
Galesville-Ettrick-Trempealeau,All Students,All Students,2022,102,108,4.0,2022.0,Mathematics,2.4095238095238094,0.9444444444444444
Galesville-Ettrick-Trempealeau,All Students,All Students,2022,102,108,4.0,2022.0,Science,2.533333333333333,0.9444444444444444
Galesville-Ettrick-Trempealeau,All Students,All Students,2022,102,108,4.0,2022.0,Social Studies,2.8190476190476192,0.9444444444444444
Galesville-Ettrick-Trempealeau,All Students,All Students,2023,98,102,4.0,2023.0,ELA,2.2058823529411766,0.9607843137254902
Galesville-Ettrick-Trempealeau,All Students,All Students,2023,98,102,4.0,2023.0,Mathematics,2.372549019607843,0.9607843137254902
Galesville-Ettrick-Trempealeau,All Students,All Students,2023,98,102,4.0,2023.0,Science,2.6666666666666665,0.9607843137254902
Galesville-Ettrick-Trempealeau,All Students,All Students,2023,98,102,4.0,2023.0,Social Studies,2.7450980392156863,0.9607843137254902
Galesville-Ettrick-Trempealeau,All Students,All Students,2025,108,109,4.0,2025.0,ELA,2.5353535353535355,0.9908256880733946
Galesville-Ettrick-Trempealeau,All Students,All Students,2025,108,109,4.0,2025.0,Mathematics,2.3333333333333335,0.9908256880733946
Galesville-Ettrick-Trempealeau,All Students,All Students,2025,108,109,4.0,2025.0,Science,3.0303030303030303,0.9908256880733946
Galesville-Ettrick-Trempealeau,All Students,All Students,2025,108,109,4.0,2025.0,Social Studies,2.8686868686868685,0.9908256880733946
Galesville-Ettrick-Trempealeau,Disability Status,SwoD,2020,90,94,4.0,2020.0,ELA,2.5714285714285716,0.9574468085106383
Galesville-Ettrick-Trempealeau,Disability Status,SwoD,2020,90,94,4.0,2020.0,Mathematics,2.4155844155844157,0.9574468085106383
Galesville-Ettrick-Trempealeau,Disability Status,SwoD,2020,90,94,4.0,2020.0,Science,2.987012987012987,0.9574468085106383
Galesville-Ettrick-Trempealeau,Disability Status,SwoD,2020,90,94,4.0,2020.0,Social Studies,3.012987012987013,0.9574468085106383
Galesville-Ettrick-Trempealeau,Disability Status,SwoD,2021,104,106,4.0,2021.0,ELA,2.340659340659341,0.9811320754716981
Galesville-Ettrick-Trempealeau,Disability Status,SwoD,2021,104,106,4.0,2021.0,Mathematics,2.241758241758242,0.9811320754716981
Galesville-Ettrick-Trempealeau,Disability Status,SwoD,2021,104,106,4.0,2021.0,Science,2.5274725274725274,0.9811320754716981
Galesville-Ettrick-Trempealeau,Disability Status,SwoD,2021,104,106,4.0,2021.0,Social Studies,2.6153846153846154,0.9811320754716981
Galesville-Ettrick-Trempealeau,Disability Status,SwoD,2022,90,95,4.0,2022.0,ELA,2.402173913043478,0.9473684210526315
Galesville-Ettrick-Trempealeau,Disability Status,SwoD,2022,90,95,4.0,2022.0,Mathematics,2.5217391304347827,0.9473684210526315
Galesville-Ettrick-Trempealeau,Disability Status,SwoD,2022,90,95,4.0,2022.0,Science,2.619565217391304,0.9473684210526315
Galesville-Ettrick-Trempealeau,Disability Status,SwoD,2022,90,95,4.0,2022.0,Social Studies,2.9565217391304346,0.9473684210526315
Galesville-Ettrick-Trempealeau,Disability Status,SwoD,2023,90,91,4.0,2023.0,ELA,2.2857142857142856,0.989010989010989
Galesville-Ettrick-Trempealeau,Disability Status,SwoD,2023,90,91,4.0,2023.0,Mathematics,2.4945054945054945,0.989010989010989
Galesville-Ettrick-Trempealeau,Disability Status,SwoD,2023,90,91,4.0,2023.0,Science,2.769230769230769,0.989010989010989
Galesville-Ettrick-Trempealeau,Disability Status,SwoD,2023,90,91,4.0,2023.0,Social Studies,2.857142857142857,0.989010989010989
Galesville-Ettrick-Trempealeau,Disability Status,SwoD,2025,94,94,4.0,2025.0,ELA,2.6,1.0
Galesville-Ettrick-Trempealeau,Disability Status,SwoD,2025,94,94,4.0,2025.0,Mathematics,2.4,1.0
Galesville-Ettrick-Trempealeau,Disability Status,SwoD,2025,94,94,4.0,2025.0,Science,3.088888888888889,1.0
Galesville-Ettrick-Trempealeau,Disability Status,SwoD,2025,94,94,4.0,2025.0,Social Studies,2.9444444444444446,1.0
Galesville-Ettrick-Trempealeau,Economic Status,Econ Disadv,2021,28,33,4.0,2021.0,ELA,1.9090909090909092,0.8484848484848485
Galesville-Ettrick-Trempealeau,Economic Status,Econ Disadv,2021,28,33,4.0,2021.0,Mathematics,1.9090909090909092,0.8484848484848485
Galesville-Ettrick-Trempealeau,Economic Status,Econ Disadv,2021,28,33,4.0,2021.0,Science,2.227272727272727,0.8484848484848485
Galesville-Ettrick-Trempealeau,Economic Status,Econ Disadv,2021,28,33,4.0,2021.0,Social Studies,1.9090909090909092,0.8484848484848485
Galesville-Ettrick-Trempealeau,Economic Status,Econ Disadv,2025,25,26,4.0,2025.0,ELA,2.3448275862068964,0.9615384615384616
Galesville-Ettrick-Trempealeau,Economic Status,Econ Disadv,2025,25,26,4.0,2025.0,Mathematics,2.0344827586206895,0.9615384615384616
Galesville-Ettrick-Trempealeau,Economic Status,Econ Disadv,2025,25,26,4.0,2025.0,Science,2.793103448275862,0.9615384615384616
Galesville-Ettrick-Trempealeau,Economic Status,Econ Disadv,2025,25,26,4.0,2025.0,Social Studies,2.5172413793103448,0.9615384615384616
Galesville-Ettrick-Trempealeau,Economic Status,Not Econ Disadv,2020,76,79,4.0,2020.0,ELA,2.4696969696969697,0.9620253164556962
Galesville-Ettrick-Trempealeau,Economic Status,Not Econ Disadv,2020,76,79,4.0,2020.0,Mathematics,2.257575757575758,0.9620253164556962
Galesville-Ettrick-Trempealeau,Economic Status,Not Econ Disadv,2020,76,79,4.0,2020.0,Science,2.8636363636363638,0.9620253164556962
Galesville-Ettrick-Trempealeau,Economic Status,Not Econ Disadv,2020,76,79,4.0,2020.0,Social Studies,2.878787878787879,0.9620253164556962
Galesville-Ettrick-Trempealeau,Economic Status,Not Econ Disadv,2021,90,93,4.0,2021.0,ELA,2.2386363636363638,0.967741935483871
Galesville-Ettrick-Trempealeau,Economic Status,Not Econ Disadv,2021,90,93,4.0,2021.0,Mathematics,2.159090909090909,0.967741935483871
Galesville-Ettrick-Trempealeau,Economic Status,Not Econ Disadv,2021,90,93,4.0,2021.0,Science,2.4204545454545454,0.967741935483871
Galesville-Ettrick-Trempealeau,Economic Status,Not Econ Disadv,2021,90,93,4.0,2021.0,Social Studies,2.590909090909091,0.967741935483871
Galesville-Ettrick-Trempealeau,Economic Status,Not Econ Disadv,2022,84,88,4.0,2022.0,ELA,2.3875,0.9545454545454546
Galesville-Ettrick-Trempealeau,Economic Status,Not Econ Disadv,2022,84,88,4.0,2022.0,Mathematics,2.4875,0.9545454545454546
Galesville-Ettrick-Trempealeau,Economic Status,Not Econ Disadv,2022,84,88,4.0,2022.0,Science,2.625,0.9545454545454546
Galesville-Ettrick-Trempealeau,Economic Status,Not Econ Disadv,2022,84,88,4.0,2022.0,Social Studies,2.975,0.9545454545454546
Galesville-Ettrick-Trempealeau,Economic Status,Not Econ Disadv,2023,80,82,4.0,2023.0,ELA,2.289156626506024,0.975609756097561
Galesville-Ettrick-Trempealeau,Economic Status,Not Econ Disadv,2023,80,82,4.0,2023.0,Mathematics,2.4698795180722892,0.975609756097561
Galesville-Ettrick-Trempealeau,Economic Status,Not Econ Disadv,2023,80,82,4.0,2023.0,Science,2.7710843373493974,0.975609756097561
Galesville-Ettrick-Trempealeau,Economic Status,Not Econ Disadv,2023,80,82,4.0,2023.0,Social Studies,2.8433734939759034,0.975609756097561
Galesville-Ettrick-Trempealeau,Economic Status,Not Econ Disadv,2025,83,83,4.0,2025.0,ELA,2.6142857142857143,1.0
Galesville-Ettrick-Trempealeau,Economic Status,Not Econ Disadv,2025,83,83,4.0,2025.0,Mathematics,2.4571428571428573,1.0
Galesville-Ettrick-Trempealeau,Economic Status,Not Econ Disadv,2025,83,83,4.0,2025.0,Science,3.1285714285714286,1.0
Galesville-Ettrick-Trempealeau,Economic Status,Not Econ Disadv,2025,83,83,4.0,2025.0,Social Studies,3.0142857142857142,1.0
Galesville-Ettrick-Trempealeau,Gender,Female,2020,49,49,4.0,2020.0,ELA,2.7,1.0
Galesville-Ettrick-Trempealeau,Gender,Female,2020,49,49,4.0,2020.0,Mathematics,2.4,1.0
Galesville-Ettrick-Trempealeau,Gender,Female,2020,49,49,4.0,2020.0,Science,2.875,1.0
Galesville-Ettrick-Trempealeau,Gender,Female,2020,49,49,4.0,2020.0,Social Studies,2.925,1.0
Galesville-Ettrick-Trempealeau,Gender,Female,2021,58,61,4.0,2021.0,ELA,2.3846153846153846,0.9508196721311475
Galesville-Ettrick-Trempealeau,Gender,Female,2021,58,61,4.0,2021.0,Mathematics,2.173076923076923,0.9508196721311475
Galesville-Ettrick-Trempealeau,Gender,Female,2021,58,61,4.0,2021.0,Science,2.4423076923076925,0.9508196721311475
Galesville-Ettrick-Trempealeau,Gender,Female,2021,58,61,4.0,2021.0,Social Studies,2.5576923076923075,0.9508196721311475
Galesville-Ettrick-Trempealeau,Gender,Female,2022,56,57,4.0,2022.0,ELA,2.5,0.9824561403508771
Galesville-Ettrick-Trempealeau,Gender,Female,2022,56,57,4.0,2022.0,Mathematics,2.5344827586206895,0.9824561403508771
Galesville-Ettrick-Trempealeau,Gender,Female,2022,56,57,4.0,2022.0,Science,2.6551724137931036,0.9824561403508771
Galesville-Ettrick-Trempealeau,Gender,Female,2022,56,57,4.0,2022.0,Social Studies,2.913793103448276,0.9824561403508771
Galesville-Ettrick-Trempealeau,Gender,Female,2023,47,49,4.0,2023.0,ELA,2.3541666666666665,0.9591836734693877
Galesville-Ettrick-Trempealeau,Gender,Female,2023,47,49,4.0,2023.0,Mathematics,2.4166666666666665,0.9591836734693877
Galesville-Ettrick-Trempealeau,Gender,Female,2023,47,49,4.0,2023.0,Science,2.625,0.9591836734693877
Galesville-Ettrick-Trempealeau,Gender,Female,2023,47,49,4.0,2023.0,Social Studies,2.7083333333333335,0.9591836734693877
Galesville-Ettrick-Trempealeau,Gender,Female,2025,47,47,4.0,2025.0,ELA,2.630434782608696,1.0
Galesville-Ettrick-Trempealeau,Gender,Female,2025,47,47,4.0,2025.0,Mathematics,2.347826086956522,1.0
Galesville-Ettrick-Trempealeau,Gender,Female,2025,47,47,4.0,2025.0,Science,3.0,1.0
Galesville-Ettrick-Trempealeau,Gender,Female,2025,47,47,4.0,2025.0,Social Studies,2.6956521739130435,1.0
Galesville-Ettrick-Trempealeau,Gender,Male,2020,47,54,4.0,2020.0,ELA,2.25,0.8703703703703703
Galesville-Ettrick-Trempealeau,Gender,Male,2020,47,54,4.0,2020.0,Mathematics,2.2083333333333335,0.8703703703703703
Galesville-Ettrick-Trempealeau,Gender,Male,2020,47,54,4.0,2020.0,Science,2.875,0.8703703703703703
Galesville-Ettrick-Trempealeau,Gender,Male,2020,47,54,4.0,2020.0,Social Studies,2.8541666666666665,0.8703703703703703
Galesville-Ettrick-Trempealeau,Gender,Male,2021,60,65,4.0,2021.0,ELA,1.9827586206896552,0.9230769230769231
Galesville-Ettrick-Trempealeau,Gender,Male,2021,60,65,4.0,2021.0,Mathematics,2.0517241379310347,0.9230769230769231
Galesville-Ettrick-Trempealeau,Gender,Male,2021,60,65,4.0,2021.0,Science,2.3275862068965516,0.9230769230769231
Galesville-Ettrick-Trempealeau,Gender,Male,2021,60,65,4.0,2021.0,Social Studies,2.3620689655172415,0.9230769230769231
Galesville-Ettrick-Trempealeau,Gender,Male,2022,46,51,4.0,2022.0,ELA,2.106382978723404,0.9019607843137255
Galesville-Ettrick-Trempealeau,Gender,Male,2022,46,51,4.0,2022.0,Mathematics,2.25531914893617,0.9019607843137255
Galesville-Ettrick-Trempealeau,Gender,Male,2022,46,51,4.0,2022.0,Science,2.382978723404255,0.9019607843137255
Galesville-Ettrick-Trempealeau,Gender,Male,2022,46,51,4.0,2022.0,Social Studies,2.702127659574468,0.9019607843137255
Galesville-Ettrick-Trempealeau,Gender,Male,2023,51,53,4.0,2023.0,ELA,2.074074074074074,0.9622641509433962
Galesville-Ettrick-Trempealeau,Gender,Male,2023,51,53,4.0,2023.0,Mathematics,2.3333333333333335,0.9622641509433962
Galesville-Ettrick-Trempealeau,Gender,Male,2023,51,53,4.0,2023.0,Science,2.7037037037037037,0.9622641509433962
Galesville-Ettrick-Trempealeau,Gender,Male,2023,51,53,4.0,2023.0,Social Studies,2.7777777777777777,0.9622641509433962
Galesville-Ettrick-Trempealeau,Gender,Male,2025,61,62,4.0,2025.0,ELA,2.452830188679245,0.9838709677419355
Galesville-Ettrick-Trempealeau,Gender,Male,2025,61,62,4.0,2025.0,Mathematics,2.3207547169811322,0.9838709677419355
Galesville-Ettrick-Trempealeau,Gender,Male,2025,61,62,4.0,2025.0,Science,3.056603773584906,0.9838709677419355
Galesville-Ettrick-Trempealeau,Gender,Male,2025,61,62,4.0,2025.0,Social Studies,3.018867924528302,0.9838709677419355
Galesville-Ettrick-Trempealeau,Race/Ethnicity,White,2021,108,115,4.0,2021.0,ELA,2.1262135922330097,0.9391304347826087
Galesville-Ettrick-Trempealeau,Race/Ethnicity,White,2021,108,115,4.0,2021.0,Mathematics,2.1067961165048543,0.9391304347826087
Galesville-Ettrick-Trempealeau,Race/Ethnicity,White,2021,108,115,4.0,2021.0,Science,2.3592233009708736,0.9391304347826087
Galesville-Ettrick-Trempealeau,Race/Ethnicity,White,2021,108,115,4.0,2021.0,Social Studies,2.436893203883495,0.9391304347826087
Galesville-Ettrick-Trempealeau,Race/Ethnicity,White,2023,92,96,,,,,0.9583333333333334
Galesville-Ettrick-Trempealeau,Race/Ethnicity,White,2025,97,98,4.0,2025.0,ELA,2.5604395604395602,0.9897959183673469
Galesville-Ettrick-Trempealeau,Race/Ethnicity,White,2025,97,98,4.0,2025.0,Mathematics,2.3626373626373627,0.9897959183673469
Galesville-Ettrick-Trempealeau,Race/Ethnicity,White,2025,97,98,4.0,2025.0,Science,3.0549450549450547,0.9897959183673469
Galesville-Ettrick-Trempealeau,Race/Ethnicity,White,2025,97,98,4.0,2025.0,Social Studies,2.89010989010989,0.9897959183673469
La Crosse,All Students,All Students,2020,361,399,4.0,2020.0,ELA,2.144821483109564,0.9047619047619048
La Crosse,All Students,All Students,2020,361,399,4.0,2020.0,Mathematics,2.022628045177516,0.9047619047619048
La Crosse,All Students,All Students,2020,361,399,4.0,2020.0,Science,2.425817455085748,0.9047619047619048
La Crosse,All Students,All Students,2020,361,399,4.0,2020.0,Social Studies,2.483417184606209,0.9047619047619048
La Crosse,All Students,All Students,2021,429,493,4.0,2021.0,ELA,2.1952440090359553,0.8701825557809331
La Crosse,All Students,All Students,2021,429,493,4.0,2021.0,Mathematics,2.077663708401963,0.8701825557809331
La Crosse,All Students,All Students,2021,429,493,4.0,2021.0,Science,2.300243107625658,0.8701825557809331
La Crosse,All Students,All Students,2021,429,493,4.0,2021.0,Social Studies,2.363043115281921,0.8701825557809331
La Crosse,All Students,All Students,2022,395,434,4.0,2022.0,ELA,2.117514953240144,0.9101382488479263
La Crosse,All Students,All Students,2022,395,434,4.0,2022.0,Mathematics,2.0549095349095348,0.9101382488479263
La Crosse,All Students,All Students,2022,395,434,4.0,2022.0,Science,2.3513689775358873,0.9101382488479263
La Crosse,All Students,All Students,2022,395,434,4.0,2022.0,Social Studies,2.3283907780090987,0.9101382488479263
La Crosse,All Students,All Students,2023,399,439,4.0,2023.0,ELA,2.3093479442877864,0.908883826879271
La Crosse,All Students,All Students,2023,399,439,4.0,2023.0,Mathematics,2.1563316934835424,0.908883826879271
La Crosse,All Students,All Students,2023,399,439,4.0,2023.0,Science,2.6963779781718413,0.908883826879271
La Crosse,All Students,All Students,2023,399,439,4.0,2023.0,Social Studies,2.591827647057684,0.908883826879271
La Crosse,All Students,All Students,2025,452,468,4.0,2025.0,ELA,2.148856034971737,0.9658119658119658
La Crosse,All Students,All Students,2025,452,468,4.0,2025.0,Mathematics,2.033277715980719,0.9658119658119658
La Crosse,All Students,All Students,2025,452,468,4.0,2025.0,Science,2.5828514858424447,0.9658119658119658
La Crosse,All Students,All Students,2025,452,468,4.0,2025.0,Social Studies,2.499694697381242,0.9658119658119658
La Crosse,Disability Status,SwD,2020,21,34,4.0,2020.0,ELA,1.7904040404040404,0.6176470588235294
La Crosse,Disability Status,SwD,2020,21,34,4.0,2020.0,Mathematics,1.5353535353535352,0.6176470588235294
La Crosse,Disability Status,SwD,2020,21,34,4.0,2020.0,Science,2.0757575757575757,0.6176470588235294
La Crosse,Disability Status,SwD,2020,21,34,4.0,2020.0,Social Studies,2.2487373737373737,0.6176470588235294
La Crosse,Disability Status,SwD,2021,52,78,4.0,2021.0,ELA,1.3975653975653977,0.6666666666666666
La Crosse,Disability Status,SwD,2021,52,78,4.0,2021.0,Mathematics,1.324138824138824,0.6666666666666666
La Crosse,Disability Status,SwD,2021,52,78,4.0,2021.0,Science,1.573167573167573,0.6666666666666666
La Crosse,Disability Status,SwD,2021,52,78,4.0,2021.0,Social Studies,1.5737373737373739,0.6666666666666666
La Crosse,Disability Status,SwD,2022,68,77,4.0,2022.0,ELA,1.3420479302832244,0.8831168831168831
La Crosse,Disability Status,SwD,2022,68,77,4.0,2022.0,Mathematics,1.4596949891067539,0.8831168831168831
La Crosse,Disability Status,SwD,2022,68,77,4.0,2022.0,Science,1.7181372549019607,0.8831168831168831
La Crosse,Disability Status,SwD,2022,68,77,4.0,2022.0,Social Studies,1.673928830791576,0.8831168831168831
La Crosse,Disability Status,SwD,2023,43,54,4.0,2023.0,ELA,1.3634920634920633,0.7962962962962963
La Crosse,Disability Status,SwD,2023,43,54,4.0,2023.0,Mathematics,1.2047619047619047,0.7962962962962963
La Crosse,Disability Status,SwD,2023,43,54,4.0,2023.0,Science,1.5698412698412698,0.7962962962962963
La Crosse,Disability Status,SwD,2023,43,54,4.0,2023.0,Social Studies,1.5214285714285714,0.7962962962962963
La Crosse,Disability Status,SwD,2025,55,67,4.0,2025.0,ELA,1.4315476190476188,0.8208955223880597
La Crosse,Disability Status,SwD,2025,55,67,4.0,2025.0,Mathematics,1.2351190476190477,0.8208955223880597
La Crosse,Disability Status,SwD,2025,55,67,4.0,2025.0,Science,1.7470238095238095,0.8208955223880597
La Crosse,Disability Status,SwD,2025,55,67,4.0,2025.0,Social Studies,1.5238095238095237,0.8208955223880597
La Crosse,Disability Status,SwoD,2020,324,344,4.0,2020.0,ELA,2.239539805233236,0.9418604651162791
La Crosse,Disability Status,SwoD,2020,324,344,4.0,2020.0,Mathematics,2.116848102249562,0.9418604651162791
La Crosse,Disability Status,SwoD,2020,324,344,4.0,2020.0,Science,2.538390414302823,0.9418604651162791
La Crosse,Disability Status,SwoD,2020,324,344,4.0,2020.0,Social Studies,2.719189545276502,0.9418604651162791
La Crosse,Disability Status,SwoD,2021,377,415,4.0,2021.0,ELA,2.3293602832040734,0.908433734939759
La Crosse,Disability Status,SwoD,2021,377,415,4.0,2021.0,Mathematics,2.1611736010548612,0.908433734939759
La Crosse,Disability Status,SwoD,2021,377,415,4.0,2021.0,Science,2.5064659960073707,0.908433734939759
La Crosse,Disability Status,SwoD,2021,377,415,4.0,2021.0,Social Studies,2.610682116541838,0.908433734939759
La Crosse,Disability Status,SwoD,2022,327,357,4.0,2022.0,ELA,2.21877609629147,0.9159663865546218
La Crosse,Disability Status,SwoD,2022,327,357,4.0,2022.0,Mathematics,2.129640052638287,0.9159663865546218
La Crosse,Disability Status,SwoD,2022,327,357,4.0,2022.0,Science,2.4346251157851246,0.9159663865546218
La Crosse,Disability Status,SwoD,2022,327,357,4.0,2022.0,Social Studies,2.5842229650661306,0.9159663865546218
La Crosse,Disability Status,SwoD,2023,356,385,4.0,2023.0,ELA,2.284729476301305,0.9246753246753247
La Crosse,Disability Status,SwoD,2023,356,385,4.0,2023.0,Mathematics,2.1017632757283096,0.9246753246753247
La Crosse,Disability Status,SwoD,2023,356,385,4.0,2023.0,Science,2.590349173187702,0.9246753246753247
La Crosse,Disability Status,SwoD,2023,356,385,4.0,2023.0,Social Studies,2.55855058747122,0.9246753246753247
La Crosse,Disability Status,SwoD,2025,397,401,4.0,2025.0,ELA,2.203109038418832,0.9900249376558603
La Crosse,Disability Status,SwoD,2025,397,401,4.0,2025.0,Mathematics,2.0251933895921237,0.9900249376558603
La Crosse,Disability Status,SwoD,2025,397,401,4.0,2025.0,Science,2.5702281812125247,0.9900249376558603
La Crosse,Disability Status,SwoD,2025,397,401,4.0,2025.0,Social Studies,2.4798259493670884,0.9900249376558603
La Crosse,Economic Status,Econ Disadv,2020,129,154,4.0,2020.0,ELA,1.8922951876646181,0.8376623376623377
La Crosse,Economic Status,Econ Disadv,2020,129,154,4.0,2020.0,Mathematics,1.636955388498683,0.8376623376623377
La Crosse,Economic Status,Econ Disadv,2020,129,154,4.0,2020.0,Science,2.14358926872988,0.8376623376623377
La Crosse,Economic Status,Econ Disadv,2020,129,154,4.0,2020.0,Social Studies,2.053253950834065,0.8376623376623377
La Crosse,Economic Status,Econ Disadv,2021,170,220,4.0,2021.0,ELA,1.8954139039582079,0.7727272727272727
La Crosse,Economic Status,Econ Disadv,2021,170,220,4.0,2021.0,Mathematics,1.7927416114124974,0.7727272727272727
La Crosse,Economic Status,Econ Disadv,2021,170,220,4.0,2021.0,Science,2.013451878641752,0.7727272727272727
La Crosse,Economic Status,Econ Disadv,2021,170,220,4.0,2021.0,Social Studies,2.0520868020868024,0.7727272727272727
La Crosse,Economic Status,Econ Disadv,2022,191,221,4.0,2022.0,ELA,1.7775641025641025,0.8642533936651584
La Crosse,Economic Status,Econ Disadv,2022,191,221,4.0,2022.0,Mathematics,1.8557692307692308,0.8642533936651584
La Crosse,Economic Status,Econ Disadv,2022,191,221,4.0,2022.0,Science,2.1508097165991904,0.8642533936651584
La Crosse,Economic Status,Econ Disadv,2022,191,221,4.0,2022.0,Social Studies,2.0227564102564104,0.8642533936651584
La Crosse,Economic Status,Econ Disadv,2023,144,172,4.0,2023.0,ELA,1.9666540076376142,0.8372093023255814
La Crosse,Economic Status,Econ Disadv,2023,144,172,4.0,2023.0,Mathematics,1.8202343700550667,0.8372093023255814
La Crosse,Economic Status,Econ Disadv,2023,144,172,4.0,2023.0,Science,2.277813765902905,0.8372093023255814
La Crosse,Economic Status,Econ Disadv,2023,144,172,4.0,2023.0,Social Studies,2.242545024790412,0.8372093023255814
La Crosse,Economic Status,Econ Disadv,2025,201,213,4.0,2025.0,ELA,1.8010738220633273,0.9436619718309859
La Crosse,Economic Status,Econ Disadv,2025,201,213,4.0,2025.0,Mathematics,1.6244200244200242,0.9436619718309859
La Crosse,Economic Status,Econ Disadv,2025,201,213,4.0,2025.0,Science,2.1249349684132293,0.9436619718309859
La Crosse,Economic Status,Econ Disadv,2025,201,213,4.0,2025.0,Social Studies,2.012176329417709,0.9436619718309859
La Crosse,Economic Status,Not Econ Disadv,2020,232,245,4.0,2020.0,ELA,2.329984774899784,0.9469387755102041
La Crosse,Economic Status,Not Econ Disadv,2020,232,245,4.0,2020.0,Mathematics,2.30058973172988,0.9469387755102041
La Crosse,Economic Status,Not Econ Disadv,2020,232,245,4.0,2020.0,Science,2.606691335183472,0.9469387755102041
La Crosse,Economic Status,Not Econ Disadv,2020,232,245,4.0,2020.0,Social Studies,2.756888440860215,0.9469387755102041
La Crosse,Economic Status,Not Econ Disadv,2021,259,273,4.0,2021.0,ELA,2.397869445544967,0.9487179487179487
La Crosse,Economic Status,Not Econ Disadv,2021,259,273,4.0,2021.0,Mathematics,2.2620225757796915,0.9487179487179487
La Crosse,Economic Status,Not Econ Disadv,2021,259,273,4.0,2021.0,Science,2.5004910649123175,0.9487179487179487
La Crosse,Economic Status,Not Econ Disadv,2021,259,273,4.0,2021.0,Social Studies,2.5583543591133724,0.9487179487179487
La Crosse,Economic Status,Not Econ Disadv,2022,204,213,4.0,2022.0,ELA,2.3261309341078866,0.9577464788732394
La Crosse,Economic Status,Not Econ Disadv,2022,204,213,4.0,2022.0,Mathematics,2.324513547917803,0.9577464788732394
La Crosse,Economic Status,Not Econ Disadv,2022,204,213,4.0,2022.0,Science,2.6298196382795056,0.9577464788732394
La Crosse,Economic Status,Not Econ Disadv,2022,204,213,4.0,2022.0,Social Studies,2.6176890400212005,0.9577464788732394
La Crosse,Economic Status,Not Econ Disadv,2023,255,267,4.0,2023.0,ELA,2.529366633057839,0.9550561797752809
La Crosse,Economic Status,Not Econ Disadv,2023,255,267,4.0,2023.0,Mathematics,2.3774010686135254,0.9550561797752809
La Crosse,Economic Status,Not Econ Disadv,2023,255,267,4.0,2023.0,Science,2.964887361363586,0.9550561797752809
La Crosse,Economic Status,Not Econ Disadv,2023,255,267,4.0,2023.0,Social Studies,2.837611405903869,0.9550561797752809
La Crosse,Economic Status,Not Econ Disadv,2025,251,255,4.0,2025.0,ELA,2.339160981156595,0.984313725490196
La Crosse,Economic Status,Not Econ Disadv,2025,251,255,4.0,2025.0,Mathematics,2.1709104938271606,0.984313725490196
La Crosse,Economic Status,Not Econ Disadv,2025,251,255,4.0,2025.0,Science,2.750385802469136,0.984313725490196
La Crosse,Economic Status,Not Econ Disadv,2025,251,255,4.0,2025.0,Social Studies,2.6306245938921378,0.984313725490196
La Crosse,Gender,Female,2020,182,192,4.0,2020.0,ELA,2.326262952015964,0.9479166666666666
La Crosse,Gender,Female,2020,182,192,4.0,2020.0,Mathematics,1.9838371705445264,0.9479166666666666
La Crosse,Gender,Female,2020,182,192,4.0,2020.0,Science,2.4824015396304553,0.9479166666666666
La Crosse,Gender,Female,2020,182,192,4.0,2020.0,Social Studies,2.5069926274745553,0.9479166666666666
La Crosse,Gender,Female,2021,221,242,4.0,2021.0,ELA,2.3799517806482386,0.9132231404958677
La Crosse,Gender,Female,2021,221,242,4.0,2021.0,Mathematics,2.102094631066255,0.9132231404958677
La Crosse,Gender,Female,2021,221,242,4.0,2021.0,Science,2.220201052572117,0.9132231404958677
La Crosse,Gender,Female,2021,221,242,4.0,2021.0,Social Studies,2.3627404778057763,0.9132231404958677
La Crosse,Gender,Female,2022,191,203,4.0,2022.0,ELA,2.2038278603495995,0.9408866995073891
La Crosse,Gender,Female,2022,191,203,4.0,2022.0,Mathematics,2.0394106481063003,0.9408866995073891
La Crosse,Gender,Female,2022,191,203,4.0,2022.0,Science,2.367919017919018,0.9408866995073891
La Crosse,Gender,Female,2022,191,203,4.0,2022.0,Social Studies,2.2877280768585115,0.9408866995073891
La Crosse,Gender,Female,2023,199,212,4.0,2023.0,ELA,2.2547383512544803,0.9386792452830188
La Crosse,Gender,Female,2023,199,212,4.0,2023.0,Mathematics,1.9775094726062465,0.9386792452830188
La Crosse,Gender,Female,2023,199,212,4.0,2023.0,Science,2.4995499231950844,0.9386792452830188
La Crosse,Gender,Female,2023,199,212,4.0,2023.0,Social Studies,2.391430107526882,0.9386792452830188
La Crosse,Gender,Male,2020,179,207,4.0,2020.0,ELA,1.9442709882049758,0.8647342995169082
La Crosse,Gender,Male,2020,179,207,4.0,2020.0,Mathematics,1.9982006731003163,0.8647342995169082
La Crosse,Gender,Male,2020,179,207,4.0,2020.0,Science,2.3140437605312716,0.8647342995169082
La Crosse,Gender,Male,2020,179,207,4.0,2020.0,Social Studies,2.3713208049013135,0.8647342995169082
La Crosse,Gender,Male,2021,208,251,4.0,2021.0,ELA,1.9709754797441366,0.8286852589641435
La Crosse,Gender,Male,2021,208,251,4.0,2021.0,Mathematics,2.1254667596085506,0.8286852589641435
La Crosse,Gender,Male,2021,208,251,4.0,2021.0,Science,2.332985826362692,0.8286852589641435
La Crosse,Gender,Male,2021,208,251,4.0,2021.0,Social Studies,2.379760879667596,0.8286852589641435
La Crosse,Gender,Male,2022,204,231,4.0,2022.0,ELA,1.978273299028016,0.8831168831168831
La Crosse,Gender,Male,2022,204,231,4.0,2022.0,Mathematics,2.1649844190216,0.8831168831168831
La Crosse,Gender,Male,2022,204,231,4.0,2022.0,Science,2.4402449266419857,0.8831168831168831
La Crosse,Gender,Male,2022,204,231,4.0,2022.0,Social Studies,2.38907590051458,0.8831168831168831
La Crosse,Gender,Male,2023,200,227,4.0,2023.0,ELA,2.3728517647340484,0.8810572687224669
La Crosse,Gender,Male,2023,200,227,4.0,2023.0,Mathematics,2.34563359030247,0.8810572687224669
La Crosse,Gender,Male,2023,200,227,4.0,2023.0,Science,2.911925744488623,0.8810572687224669
La Crosse,Gender,Male,2023,200,227,4.0,2023.0,Social Studies,2.8087842278203725,0.8810572687224669
La Crosse,Gender,Male,2025,230,241,4.0,2025.0,ELA,2.018845893494303,0.9543568464730291
La Crosse,Gender,Male,2025,230,241,4.0,2025.0,Mathematics,1.8807438772698681,0.9543568464730291
La Crosse,Gender,Male,2025,230,241,4.0,2025.0,Science,2.504142037981462,0.9543568464730291
La Crosse,Gender,Male,2025,230,241,4.0,2025.0,Social Studies,2.3643304461387262,0.9543568464730291
La Crosse,Race/Ethnicity,Two or More,2021,21,26,4.0,2021.0,ELA,1.9806644880174291,0.8076923076923077
La Crosse,Race/Ethnicity,Two or More,2021,21,26,4.0,2021.0,Mathematics,1.7470043572984748,0.8076923076923077
La Crosse,Race/Ethnicity,Two or More,2021,21,26,4.0,2021.0,Science,2.1353485838779958,0.8076923076923077
La Crosse,Race/Ethnicity,Two or More,2021,21,26,4.0,2021.0,Social Studies,2.1968954248366015,0.8076923076923077
La Crosse,Race/Ethnicity,Two or More,2023,25,30,4.0,2023.0,ELA,1.9833333333333334,0.8333333333333334
La Crosse,Race/Ethnicity,Two or More,2023,25,30,4.0,2023.0,Mathematics,1.7375,0.8333333333333334
La Crosse,Race/Ethnicity,Two or More,2023,25,30,4.0,2023.0,Science,1.9541666666666666,0.8333333333333334
La Crosse,Race/Ethnicity,Two or More,2023,25,30,4.0,2023.0,Social Studies,1.8,0.8333333333333334
La Crosse,Race/Ethnicity,Two or More,2025,33,34,4.0,2025.0,ELA,2.0097222222222224,0.9705882352941176
La Crosse,Race/Ethnicity,Two or More,2025,33,34,4.0,2025.0,Mathematics,1.836111111111111,0.9705882352941176
La Crosse,Race/Ethnicity,Two or More,2025,33,34,4.0,2025.0,Science,2.3222222222222224,0.9705882352941176
La Crosse,Race/Ethnicity,Two or More,2025,33,34,4.0,2025.0,Social Studies,2.154166666666667,0.9705882352941176
La Crosse,Race/Ethnicity,White,2020,258,279,4.0,2020.0,ELA,2.343268470178769,0.9247311827956989
La Crosse,Race/Ethnicity,White,2020,258,279,4.0,2020.0,Mathematics,2.202672572905131,0.9247311827956989
La Crosse,Race/Ethnicity,White,2020,258,279,4.0,2020.0,Science,2.6227115962664134,0.9247311827956989
La Crosse,Race/Ethnicity,White,2020,258,279,4.0,2020.0,Social Studies,2.8968463282748993,0.9247311827956989
La Crosse,Race/Ethnicity,White,2021,322,353,4.0,2021.0,ELA,2.289475960944259,0.9121813031161473
La Crosse,Race/Ethnicity,White,2021,322,353,4.0,2021.0,Mathematics,2.142511432455815,0.9121813031161473
La Crosse,Race/Ethnicity,White,2021,322,353,4.0,2021.0,Science,2.4923334569274505,0.9121813031161473
La Crosse,Race/Ethnicity,White,2021,322,353,4.0,2021.0,Social Studies,2.613483330182139,0.9121813031161473
La Crosse,Race/Ethnicity,White,2022,303,322,4.0,2022.0,ELA,2.1382020479217423,0.9409937888198758
La Crosse,Race/Ethnicity,White,2022,303,322,4.0,2022.0,Mathematics,2.2067917771068686,0.9409937888198758
La Crosse,Race/Ethnicity,White,2022,303,322,4.0,2022.0,Science,2.533639494833525,0.9409937888198758
La Crosse,Race/Ethnicity,White,2022,303,322,4.0,2022.0,Social Studies,2.6738521277290843,0.9409937888198758
La Crosse,Race/Ethnicity,White,2023,283,302,4.0,2023.0,ELA,2.4046582535914744,0.9370860927152318
La Crosse,Race/Ethnicity,White,2023,283,302,4.0,2023.0,Mathematics,2.20222005957929,0.9370860927152318
La Crosse,Race/Ethnicity,White,2023,283,302,4.0,2023.0,Science,2.7835390509348104,0.9370860927152318
La Crosse,Race/Ethnicity,White,2023,283,302,4.0,2023.0,Social Studies,2.742679511905645,0.9370860927152318
La Crosse,Race/Ethnicity,White,2025,300,309,4.0,2025.0,ELA,2.220722650791224,0.970873786407767
La Crosse,Race/Ethnicity,White,2025,300,309,4.0,2025.0,Mathematics,2.009277618056244,0.970873786407767
La Crosse,Race/Ethnicity,White,2025,300,309,4.0,2025.0,Science,2.5924556359670863,0.970873786407767
La Crosse,Race/Ethnicity,White,2025,300,309,4.0,2025.0,Social Studies,2.53145207317804,0.970873786407767
Madison Metropolitan,All Students,All Students,2020,1643,1862,2.0,2020.0,ELA,2.044550378440547,0.8823845327604726
Madison Metropolitan,All Students,All Students,2020,1643,1862,2.0,2020.0,Mathematics,1.9588306158860993,0.8823845327604726
Madison Metropolitan,All Students,All Students,2020,1643,1862,2.0,2020.0,Science,2.2200588068450515,0.8823845327604726
Madison Metropolitan,All Students,All Students,2020,1643,1862,2.0,2020.0,Social Studies,2.267299114289218,0.8823845327604726
Madison Metropolitan,All Students,All Students,2021,1552,1747,2.0,2021.0,ELA,2.054208630486967,0.8883800801373783
Madison Metropolitan,All Students,All Students,2021,1552,1747,2.0,2021.0,Mathematics,1.985684150460952,0.8883800801373783
Madison Metropolitan,All Students,All Students,2021,1552,1747,2.0,2021.0,Science,2.23525028143129,0.8883800801373783
Madison Metropolitan,All Students,All Students,2021,1552,1747,2.0,2021.0,Social Studies,2.2898887871662787,0.8883800801373783
Madison Metropolitan,All Students,All Students,2022,1645,1826,2.0,2022.0,ELA,2.0307831971609045,0.9008762322015335
Madison Metropolitan,All Students,All Students,2022,1645,1826,2.0,2022.0,Mathematics,1.977033643803642,0.9008762322015335
Madison Metropolitan,All Students,All Students,2022,1645,1826,2.0,2022.0,Science,2.2753671842197734,0.9008762322015335
Madison Metropolitan,All Students,All Students,2022,1645,1826,2.0,2022.0,Social Studies,2.3455638678820954,0.9008762322015335
Madison Metropolitan,All Students,All Students,2023,1622,1845,2.0,2023.0,ELA,2.000791778620169,0.8791327913279133
Madison Metropolitan,All Students,All Students,2023,1622,1845,2.0,2023.0,Mathematics,1.9618999216824973,0.8791327913279133
Madison Metropolitan,All Students,All Students,2023,1622,1845,2.0,2023.0,Science,2.341079121727118,0.8791327913279133
Madison Metropolitan,All Students,All Students,2023,1622,1845,2.0,2023.0,Social Studies,2.292619814036072,0.8791327913279133
Madison Metropolitan,All Students,All Students,2025,1583,1800,2.0,2025.0,ELA,1.9853191087138893,0.8794444444444445
Madison Metropolitan,All Students,All Students,2025,1583,1800,2.0,2025.0,Mathematics,1.759984572109177,0.8794444444444445
Madison Metropolitan,All Students,All Students,2025,1583,1800,2.0,2025.0,Science,2.2227055518468553,0.8794444444444445
Madison Metropolitan,All Students,All Students,2025,1583,1800,2.0,2025.0,Social Studies,2.2164700482961788,0.8794444444444445
Madison Metropolitan,Disability Status,SwD,2020,164,267,2.0,2020.0,ELA,1.356633156244018,0.6142322097378277
Madison Metropolitan,Disability Status,SwD,2020,164,267,2.0,2020.0,Mathematics,1.3600480719122927,0.6142322097378277
Madison Metropolitan,Disability Status,SwD,2020,164,267,2.0,2020.0,Science,1.528222140178662,0.6142322097378277
Madison Metropolitan,Disability Status,SwD,2020,164,267,2.0,2020.0,Social Studies,1.5038860512468504,0.6142322097378277
Madison Metropolitan,Disability Status,SwD,2021,171,259,2.0,2021.0,ELA,1.4324696418024754,0.6602316602316602
Madison Metropolitan,Disability Status,SwD,2021,171,259,2.0,2021.0,Mathematics,1.4116403811559224,0.6602316602316602
Madison Metropolitan,Disability Status,SwD,2021,171,259,2.0,2021.0,Science,1.6117904250939405,0.6602316602316602
Madison Metropolitan,Disability Status,SwD,2021,171,259,2.0,2021.0,Social Studies,1.5757371470143076,0.6602316602316602
Madison Metropolitan,Disability Status,SwD,2022,152,241,2.0,2022.0,ELA,1.3236500563706446,0.6307053941908713
Madison Metropolitan,Disability Status,SwD,2022,152,241,2.0,2022.0,Mathematics,1.2881262129301345,0.6307053941908713
Madison Metropolitan,Disability Status,SwD,2022,152,241,2.0,2022.0,Science,1.4730164567974164,0.6307053941908713
Madison Metropolitan,Disability Status,SwD,2022,152,241,2.0,2022.0,Social Studies,1.4551835759556349,0.6307053941908713
Madison Metropolitan,Disability Status,SwD,2023,142,243,2.0,2023.0,ELA,1.339172831267693,0.5843621399176955
Madison Metropolitan,Disability Status,SwD,2023,142,243,2.0,2023.0,Mathematics,1.3789366951131656,0.5843621399176955
Madison Metropolitan,Disability Status,SwD,2023,142,243,2.0,2023.0,Science,1.634743447127348,0.5843621399176955
Madison Metropolitan,Disability Status,SwD,2023,142,243,2.0,2023.0,Social Studies,1.5366957166422408,0.5843621399176955
Madison Metropolitan,Disability Status,SwD,2025,79,173,2.0,2025.0,ELA,1.392063492063492,0.45664739884393063
Madison Metropolitan,Disability Status,SwD,2025,79,173,2.0,2025.0,Mathematics,1.2818686868686868,0.45664739884393063
Madison Metropolitan,Disability Status,SwD,2025,79,173,2.0,2025.0,Science,1.5425,0.45664739884393063
Madison Metropolitan,Disability Status,SwD,2025,79,173,2.0,2025.0,Social Studies,1.4986111111111111,0.45664739884393063
Madison Metropolitan,Disability Status,SwoD,2020,1479,1595,2.0,2020.0,ELA,2.148090107866643,0.9272727272727272
Madison Metropolitan,Disability Status,SwoD,2020,1479,1595,2.0,2020.0,Mathematics,2.0555882147125857,0.9272727272727272
Madison Metropolitan,Disability Status,SwoD,2020,1479,1595,2.0,2020.0,Science,2.339819277140374,0.9272727272727272
Madison Metropolitan,Disability Status,SwoD,2020,1479,1595,2.0,2020.0,Social Studies,2.3930290791372215,0.9272727272727272
Madison Metropolitan,Disability Status,SwoD,2021,1381,1488,2.0,2021.0,ELA,2.1776870758805362,0.9280913978494624
Madison Metropolitan,Disability Status,SwoD,2021,1381,1488,2.0,2021.0,Mathematics,2.1004029180472683,0.9280913978494624
Madison Metropolitan,Disability Status,SwoD,2021,1381,1488,2.0,2021.0,Science,2.3825430070320124,0.9280913978494624
Madison Metropolitan,Disability Status,SwoD,2021,1381,1488,2.0,2021.0,Social Studies,2.4428195221366176,0.9280913978494624
Madison Metropolitan,Disability Status,SwoD,2022,1492,1584,2.0,2022.0,ELA,2.16170158201349,0.9419191919191919
Madison Metropolitan,Disability Status,SwoD,2022,1492,1584,2.0,2022.0,Mathematics,2.109703186886319,0.9419191919191919
Madison Metropolitan,Disability Status,SwoD,2022,1492,1584,2.0,2022.0,Science,2.4249404356050595,0.9419191919191919
Madison Metropolitan,Disability Status,SwoD,2022,1492,1584,2.0,2022.0,Social Studies,2.5164496383796497,0.9419191919191919
Madison Metropolitan,Disability Status,SwoD,2023,1480,1602,2.0,2023.0,ELA,2.1555234319115537,0.9238451935081149
Madison Metropolitan,Disability Status,SwoD,2023,1480,1602,2.0,2023.0,Mathematics,2.1244432881875475,0.9238451935081149
Madison Metropolitan,Disability Status,SwoD,2023,1480,1602,2.0,2023.0,Science,2.4877392138679215,0.9238451935081149
Madison Metropolitan,Disability Status,SwoD,2023,1480,1602,2.0,2023.0,Social Studies,2.4312811682144724,0.9238451935081149
Madison Metropolitan,Disability Status,SwoD,2025,1504,1626,2.0,2025.0,ELA,1.9683529860040287,0.9249692496924969
Madison Metropolitan,Disability Status,SwoD,2025,1504,1626,2.0,2025.0,Mathematics,1.7653743268763797,0.9249692496924969
Madison Metropolitan,Disability Status,SwoD,2025,1504,1626,2.0,2025.0,Science,2.1775085853360214,0.9249692496924969
Madison Metropolitan,Disability Status,SwoD,2025,1504,1626,2.0,2025.0,Social Studies,2.2218872482775254,0.9249692496924969
Madison Metropolitan,Economic Status,Econ Disadv,2020,579,714,2.0,2020.0,ELA,1.6289276198933897,0.8109243697478992
Madison Metropolitan,Economic Status,Econ Disadv,2020,579,714,2.0,2020.0,Mathematics,1.5246325649600037,0.8109243697478992
Madison Metropolitan,Economic Status,Econ Disadv,2020,579,714,2.0,2020.0,Science,1.7461709451955294,0.8109243697478992
Madison Metropolitan,Economic Status,Econ Disadv,2020,579,714,2.0,2020.0,Social Studies,1.735499522505804,0.8109243697478992
Madison Metropolitan,Economic Status,Econ Disadv,2021,528,649,2.0,2021.0,ELA,1.586484771751551,0.8135593220338984
Madison Metropolitan,Economic Status,Econ Disadv,2021,528,649,2.0,2021.0,Mathematics,1.5665962931717343,0.8135593220338984
Madison Metropolitan,Economic Status,Econ Disadv,2021,528,649,2.0,2021.0,Science,1.7919417944400209,0.8135593220338984
Madison Metropolitan,Economic Status,Econ Disadv,2021,528,649,2.0,2021.0,Social Studies,1.7542787978989345,0.8135593220338984
Madison Metropolitan,Economic Status,Econ Disadv,2022,519,605,2.0,2022.0,ELA,1.5853701063724932,0.8578512396694215
Madison Metropolitan,Economic Status,Econ Disadv,2022,519,605,2.0,2022.0,Mathematics,1.5726140114527416,0.8578512396694215
Madison Metropolitan,Economic Status,Econ Disadv,2022,519,605,2.0,2022.0,Science,1.8504072952490336,0.8578512396694215
Madison Metropolitan,Economic Status,Econ Disadv,2022,519,605,2.0,2022.0,Social Studies,1.8559983227530072,0.8578512396694215
Madison Metropolitan,Economic Status,Econ Disadv,2023,594,626,2.0,2023.0,ELA,1.592767578343263,0.9488817891373802
Madison Metropolitan,Economic Status,Econ Disadv,2023,594,626,2.0,2023.0,Mathematics,1.5501554919167144,0.9488817891373802
Madison Metropolitan,Economic Status,Econ Disadv,2023,594,626,2.0,2023.0,Science,1.8253196798091336,0.9488817891373802
Madison Metropolitan,Economic Status,Econ Disadv,2023,594,626,2.0,2023.0,Social Studies,1.8082404069517806,0.9488817891373802
Madison Metropolitan,Economic Status,Econ Disadv,2025,653,803,2.0,2025.0,ELA,1.5951282492219863,0.813200498132005
Madison Metropolitan,Economic Status,Econ Disadv,2025,653,803,2.0,2025.0,Mathematics,1.3836907282574253,0.813200498132005
Madison Metropolitan,Economic Status,Econ Disadv,2025,653,803,2.0,2025.0,Science,1.7802946771838049,0.813200498132005
Madison Metropolitan,Economic Status,Econ Disadv,2025,653,803,2.0,2025.0,Social Studies,1.7596526431085255,0.813200498132005
Madison Metropolitan,Economic Status,Not Econ Disadv,2020,1064,1148,2.0,2020.0,ELA,2.486792016574844,0.926829268292683
Madison Metropolitan,Economic Status,Not Econ Disadv,2020,1064,1148,2.0,2020.0,Mathematics,2.378756172217501,0.926829268292683
Madison Metropolitan,Economic Status,Not Econ Disadv,2020,1064,1148,2.0,2020.0,Science,2.694741063601276,0.926829268292683
Madison Metropolitan,Economic Status,Not Econ Disadv,2020,1064,1148,2.0,2020.0,Social Studies,2.822478058872583,0.926829268292683
Madison Metropolitan,Economic Status,Not Econ Disadv,2021,1024,1098,2.0,2021.0,ELA,2.5247719244936175,0.9326047358834244
Madison Metropolitan,Economic Status,Not Econ Disadv,2021,1024,1098,2.0,2021.0,Mathematics,2.415682223903229,0.9326047358834244
Madison Metropolitan,Economic Status,Not Econ Disadv,2021,1024,1098,2.0,2021.0,Science,2.747288928026417,0.9326047358834244
Madison Metropolitan,Economic Status,Not Econ Disadv,2021,1024,1098,2.0,2021.0,Social Studies,2.8762894599791,0.9326047358834244
Madison Metropolitan,Economic Status,Not Econ Disadv,2022,1125,1220,2.0,2022.0,ELA,2.5067020765508157,0.9221311475409836
Madison Metropolitan,Economic Status,Not Econ Disadv,2022,1125,1220,2.0,2022.0,Mathematics,2.4138634020592415,0.9221311475409836
Madison Metropolitan,Economic Status,Not Econ Disadv,2022,1125,1220,2.0,2022.0,Science,2.742857464041523,0.9221311475409836
Madison Metropolitan,Economic Status,Not Econ Disadv,2022,1125,1220,2.0,2022.0,Social Studies,2.8818561277077808,0.9221311475409836
Madison Metropolitan,Economic Status,Not Econ Disadv,2023,1028,1219,2.0,2023.0,ELA,2.4144699841654833,0.8433141919606235
Madison Metropolitan,Economic Status,Not Econ Disadv,2023,1028,1219,2.0,2023.0,Mathematics,2.3714011484000745,0.8433141919606235
Madison Metropolitan,Economic Status,Not Econ Disadv,2023,1028,1219,2.0,2023.0,Science,2.9034004347875615,0.8433141919606235
Madison Metropolitan,Economic Status,Not Econ Disadv,2023,1028,1219,2.0,2023.0,Social Studies,2.8227043556788503,0.8433141919606235
Madison Metropolitan,Economic Status,Not Econ Disadv,2025,930,996,2.0,2025.0,ELA,2.3220488433546853,0.9337349397590361
Madison Metropolitan,Economic Status,Not Econ Disadv,2025,930,996,2.0,2025.0,Mathematics,2.046634494434028,0.9337349397590361
Madison Metropolitan,Economic Status,Not Econ Disadv,2025,930,996,2.0,2025.0,Science,2.608431451774152,0.9337349397590361
Madison Metropolitan,Economic Status,Not Econ Disadv,2025,930,996,2.0,2025.0,Social Studies,2.59532937487784,0.9337349397590361
Madison Metropolitan,Gender,Female,2020,808,888,2.0,2020.0,ELA,2.2356107949223603,0.9099099099099099
Madison Metropolitan,Gender,Female,2020,808,888,2.0,2020.0,Mathematics,2.017076278151077,0.9099099099099099
Madison Metropolitan,Gender,Female,2020,808,888,2.0,2020.0,Science,2.275920060717222,0.9099099099099099
Madison Metropolitan,Gender,Female,2020,808,888,2.0,2020.0,Social Studies,2.366644756100589,0.9099099099099099
Madison Metropolitan,Gender,Female,2021,774,845,2.0,2021.0,ELA,2.210466783190842,0.9159763313609467
Madison Metropolitan,Gender,Female,2021,774,845,2.0,2021.0,Mathematics,2.0181564503102614,0.9159763313609467
Madison Metropolitan,Gender,Female,2021,774,845,2.0,2021.0,Science,2.260921399124389,0.9159763313609467
Madison Metropolitan,Gender,Female,2021,774,845,2.0,2021.0,Social Studies,2.3636583796190016,0.9159763313609467
Madison Metropolitan,Gender,Female,2022,838,914,2.0,2022.0,ELA,2.1471223595183186,0.9168490153172867
Madison Metropolitan,Gender,Female,2022,838,914,2.0,2022.0,Mathematics,2.01779602351024,0.9168490153172867
Madison Metropolitan,Gender,Female,2022,838,914,2.0,2022.0,Science,2.304494718995448,0.9168490153172867
Madison Metropolitan,Gender,Female,2022,838,914,2.0,2022.0,Social Studies,2.3953965253204648,0.9168490153172867
Madison Metropolitan,Gender,Female,2023,823,910,2.0,2023.0,ELA,2.121595343021472,0.9043956043956044
Madison Metropolitan,Gender,Female,2023,823,910,2.0,2023.0,Mathematics,2.0317168791111184,0.9043956043956044
Madison Metropolitan,Gender,Female,2023,823,910,2.0,2023.0,Science,2.4020981178868515,0.9043956043956044
Madison Metropolitan,Gender,Female,2023,823,910,2.0,2023.0,Social Studies,2.3421655022882804,0.9043956043956044
Madison Metropolitan,Gender,Female,2025,626,685,2.0,2025.0,ELA,2.042523072779666,0.9138686131386862
Madison Metropolitan,Gender,Female,2025,626,685,2.0,2025.0,Mathematics,1.7539923325914037,0.9138686131386862
Madison Metropolitan,Gender,Female,2025,626,685,2.0,2025.0,Science,2.2127451086034644,0.9138686131386862
Madison Metropolitan,Gender,Female,2025,626,685,2.0,2025.0,Social Studies,2.2611153367947896,0.9138686131386862
Madison Metropolitan,Gender,Male,2020,835,974,2.0,2020.0,ELA,1.8507511227472029,0.8572895277207392
Madison Metropolitan,Gender,Male,2020,835,974,2.0,2020.0,Mathematics,1.9170432960594566,0.8572895277207392
Madison Metropolitan,Gender,Male,2020,835,974,2.0,2020.0,Science,2.1888781702655833,0.8572895277207392
Madison Metropolitan,Gender,Male,2020,835,974,2.0,2020.0,Social Studies,2.1916633780704298,0.8572895277207392
Madison Metropolitan,Gender,Male,2021,778,902,2.0,2021.0,ELA,1.9208212603388464,0.8625277161862528
Madison Metropolitan,Gender,Male,2021,778,902,2.0,2021.0,Mathematics,1.9640375613637984,0.8625277161862528
Madison Metropolitan,Gender,Male,2021,778,902,2.0,2021.0,Science,2.207204417715481,0.8625277161862528
Madison Metropolitan,Gender,Male,2021,778,902,2.0,2021.0,Social Studies,2.2281745955282486,0.8625277161862528
Madison Metropolitan,Gender,Male,2022,806,911,2.0,2022.0,ELA,1.9224329012613062,0.884742041712404
Madison Metropolitan,Gender,Male,2022,806,911,2.0,2022.0,Mathematics,1.9420865930968538,0.884742041712404
Madison Metropolitan,Gender,Male,2022,806,911,2.0,2022.0,Science,2.2508912424412864,0.884742041712404
Madison Metropolitan,Gender,Male,2022,806,911,2.0,2022.0,Social Studies,2.2975520562029192,0.884742041712404
Madison Metropolitan,Gender,Male,2023,799,935,2.0,2023.0,ELA,1.8891296798032835,0.8545454545454545
Madison Metropolitan,Gender,Male,2023,799,935,2.0,2023.0,Mathematics,1.9062447284568285,0.8545454545454545
Madison Metropolitan,Gender,Male,2023,799,935,2.0,2023.0,Science,2.2937155721993947,0.8545454545454545
Madison Metropolitan,Gender,Male,2023,799,935,2.0,2023.0,Social Studies,2.2391014597409904,0.8545454545454545
Madison Metropolitan,Gender,Male,2025,420,483,2.0,2025.0,ELA,1.9316540668167104,0.8695652173913043
Madison Metropolitan,Gender,Male,2025,420,483,2.0,2025.0,Mathematics,1.755818352172519,0.8695652173913043
Madison Metropolitan,Gender,Male,2025,420,483,2.0,2025.0,Science,2.2334981618459246,0.8695652173913043
Madison Metropolitan,Gender,Male,2025,420,483,2.0,2025.0,Social Studies,2.1752547891360146,0.8695652173913043
Madison Metropolitan,Race/Ethnicity,Asian,2020,84,91,2.0,2020.0,ELA,2.371031746031746,0.9230769230769231
Madison Metropolitan,Race/Ethnicity,Asian,2020,84,91,2.0,2020.0,Mathematics,2.4287677192088957,0.9230769230769231
Madison Metropolitan,Race/Ethnicity,Asian,2020,84,91,2.0,2020.0,Science,2.4378130039894743,0.9230769230769231
Madison Metropolitan,Race/Ethnicity,Asian,2020,84,91,2.0,2020.0,Social Studies,2.5001803751803755,0.9230769230769231
Madison Metropolitan,Race/Ethnicity,Asian,2021,138,146,2.0,2021.0,ELA,2.259435954371299,0.9452054794520548
Madison Metropolitan,Race/Ethnicity,Asian,2021,138,146,2.0,2021.0,Mathematics,2.3469887165667567,0.9452054794520548
Madison Metropolitan,Race/Ethnicity,Asian,2021,138,146,2.0,2021.0,Science,2.447147518744615,0.9452054794520548
Madison Metropolitan,Race/Ethnicity,Asian,2021,138,146,2.0,2021.0,Social Studies,2.600210074886799,0.9452054794520548
Madison Metropolitan,Race/Ethnicity,Asian,2022,91,93,2.0,2022.0,ELA,2.2642743729700254,0.978494623655914
Madison Metropolitan,Race/Ethnicity,Asian,2022,91,93,2.0,2022.0,Mathematics,2.3150899824812865,0.978494623655914
Madison Metropolitan,Race/Ethnicity,Asian,2022,91,93,2.0,2022.0,Science,2.595119668770343,0.978494623655914
Madison Metropolitan,Race/Ethnicity,Asian,2022,91,93,2.0,2022.0,Social Studies,2.6250034531518787,0.978494623655914
Madison Metropolitan,Race/Ethnicity,Asian,2023,96,107,2.0,2023.0,ELA,2.1676240426240425,0.897196261682243
Madison Metropolitan,Race/Ethnicity,Asian,2023,96,107,2.0,2023.0,Mathematics,2.3841354760527693,0.897196261682243
Madison Metropolitan,Race/Ethnicity,Asian,2023,96,107,2.0,2023.0,Science,2.6103872318158032,0.897196261682243
Madison Metropolitan,Race/Ethnicity,Asian,2023,96,107,2.0,2023.0,Social Studies,2.4925996309454956,0.897196261682243
Madison Metropolitan,Race/Ethnicity,Asian,2025,95,99,2.0,2025.0,ELA,1.8404761904761904,0.9595959595959596
Madison Metropolitan,Race/Ethnicity,Asian,2025,95,99,2.0,2025.0,Mathematics,1.872222222222222,0.9595959595959596
Madison Metropolitan,Race/Ethnicity,Asian,2025,95,99,2.0,2025.0,Science,2.125793650793651,0.9595959595959596
Madison Metropolitan,Race/Ethnicity,Asian,2025,95,99,2.0,2025.0,Social Studies,2.077380952380952,0.9595959595959596
Madison Metropolitan,Race/Ethnicity,Black,2020,245,330,2.0,2020.0,ELA,1.4222758828266033,0.7424242424242424
Madison Metropolitan,Race/Ethnicity,Black,2020,245,330,2.0,2020.0,Mathematics,1.3574618939862446,0.7424242424242424
Madison Metropolitan,Race/Ethnicity,Black,2020,245,330,2.0,2020.0,Science,1.5054053059960955,0.7424242424242424
Madison Metropolitan,Race/Ethnicity,Black,2020,245,330,2.0,2020.0,Social Studies,1.5085417154496168,0.7424242424242424
Madison Metropolitan,Race/Ethnicity,Black,2021,192,265,2.0,2021.0,ELA,1.3849366634575346,0.7245283018867924
Madison Metropolitan,Race/Ethnicity,Black,2021,192,265,2.0,2021.0,Mathematics,1.3017666268080534,0.7245283018867924
Madison Metropolitan,Race/Ethnicity,Black,2021,192,265,2.0,2021.0,Science,1.4545318236039955,0.7245283018867924
Madison Metropolitan,Race/Ethnicity,Black,2021,192,265,2.0,2021.0,Social Studies,1.3968444570980068,0.7245283018867924
Madison Metropolitan,Race/Ethnicity,Black,2022,217,273,2.0,2022.0,ELA,1.429004726256424,0.7948717948717948
Madison Metropolitan,Race/Ethnicity,Black,2022,217,273,2.0,2022.0,Mathematics,1.4025890056153214,0.7948717948717948
Madison Metropolitan,Race/Ethnicity,Black,2022,217,273,2.0,2022.0,Science,1.6746885658727764,0.7948717948717948
Madison Metropolitan,Race/Ethnicity,Black,2022,217,273,2.0,2022.0,Social Studies,1.6277315619067418,0.7948717948717948
Madison Metropolitan,Race/Ethnicity,Black,2023,227,291,2.0,2023.0,ELA,1.3948318727573836,0.7800687285223368
Madison Metropolitan,Race/Ethnicity,Black,2023,227,291,2.0,2023.0,Mathematics,1.348180874042943,0.7800687285223368
Madison Metropolitan,Race/Ethnicity,Black,2023,227,291,2.0,2023.0,Science,1.5481421515904275,0.7800687285223368
Madison Metropolitan,Race/Ethnicity,Black,2023,227,291,2.0,2023.0,Social Studies,1.607883416942978,0.7800687285223368
Madison Metropolitan,Race/Ethnicity,Black,2025,220,278,2.0,2025.0,ELA,1.337336080099238,0.7913669064748201
Madison Metropolitan,Race/Ethnicity,Black,2025,220,278,2.0,2025.0,Mathematics,1.18694374081371,0.7913669064748201
Madison Metropolitan,Race/Ethnicity,Black,2025,220,278,2.0,2025.0,Science,1.4164991839632988,0.7913669064748201
Madison Metropolitan,Race/Ethnicity,Black,2025,220,278,2.0,2025.0,Social Studies,1.348653795035374,0.7913669064748201
Madison Metropolitan,Race/Ethnicity,Hispanic,2020,342,400,2.0,2020.0,ELA,1.7389837131255894,0.855
Madison Metropolitan,Race/Ethnicity,Hispanic,2020,342,400,2.0,2020.0,Mathematics,1.6178664351275414,0.855
Madison Metropolitan,Race/Ethnicity,Hispanic,2020,342,400,2.0,2020.0,Science,1.8689607059224758,0.855
Madison Metropolitan,Race/Ethnicity,Hispanic,2020,342,400,2.0,2020.0,Social Studies,1.9030601701650425,0.855
Madison Metropolitan,Race/Ethnicity,Hispanic,2021,309,365,2.0,2021.0,ELA,1.7582385142469088,0.8465753424657534
Madison Metropolitan,Race/Ethnicity,Hispanic,2021,309,365,2.0,2021.0,Mathematics,1.686258003551289,0.8465753424657534
Madison Metropolitan,Race/Ethnicity,Hispanic,2021,309,365,2.0,2021.0,Science,1.9241274009054452,0.8465753424657534
Madison Metropolitan,Race/Ethnicity,Hispanic,2021,309,365,2.0,2021.0,Social Studies,1.9307860346397896,0.8465753424657534
Madison Metropolitan,Race/Ethnicity,Hispanic,2022,349,416,2.0,2022.0,ELA,1.6660800334480874,0.8389423076923077
Madison Metropolitan,Race/Ethnicity,Hispanic,2022,349,416,2.0,2022.0,Mathematics,1.672998415898267,0.8389423076923077
Madison Metropolitan,Race/Ethnicity,Hispanic,2022,349,416,2.0,2022.0,Science,1.9136232338667647,0.8389423076923077
Madison Metropolitan,Race/Ethnicity,Hispanic,2022,349,416,2.0,2022.0,Social Studies,1.981933904080215,0.8389423076923077
Madison Metropolitan,Race/Ethnicity,Hispanic,2023,383,471,2.0,2023.0,ELA,1.7911274183056933,0.8131634819532909
Madison Metropolitan,Race/Ethnicity,Hispanic,2023,383,471,2.0,2023.0,Mathematics,1.7156573465657738,0.8131634819532909
Madison Metropolitan,Race/Ethnicity,Hispanic,2023,383,471,2.0,2023.0,Science,2.0366705525628137,0.8131634819532909
Madison Metropolitan,Race/Ethnicity,Hispanic,2023,383,471,2.0,2023.0,Social Studies,2.01002643672081,0.8131634819532909
Madison Metropolitan,Race/Ethnicity,Hispanic,2025,378,468,2.0,2025.0,ELA,1.678370109422741,0.8076923076923077
Madison Metropolitan,Race/Ethnicity,Hispanic,2025,378,468,2.0,2025.0,Mathematics,1.436324377377009,0.8076923076923077
Madison Metropolitan,Race/Ethnicity,Hispanic,2025,378,468,2.0,2025.0,Science,1.7597818409660517,0.8076923076923077
Madison Metropolitan,Race/Ethnicity,Hispanic,2025,378,468,2.0,2025.0,Social Studies,1.8458617379430777,0.8076923076923077
Madison Metropolitan,Race/Ethnicity,Two or More,2020,121,136,2.0,2020.0,ELA,1.8311887254901962,0.8897058823529411
Madison Metropolitan,Race/Ethnicity,Two or More,2020,121,136,2.0,2020.0,Mathematics,1.93703022875817,0.8897058823529411
Madison Metropolitan,Race/Ethnicity,Two or More,2020,121,136,2.0,2020.0,Science,2.1140436463046757,0.8897058823529411
Madison Metropolitan,Race/Ethnicity,Two or More,2020,121,136,2.0,2020.0,Social Studies,2.0751969537815125,0.8897058823529411
Madison Metropolitan,Race/Ethnicity,Two or More,2021,68,75,2.0,2021.0,ELA,1.91240934990935,0.9066666666666666
Madison Metropolitan,Race/Ethnicity,Two or More,2021,68,75,2.0,2021.0,Mathematics,1.824679487179487,0.9066666666666666
Madison Metropolitan,Race/Ethnicity,Two or More,2021,68,75,2.0,2021.0,Science,2.0883547008547008,0.9066666666666666
Madison Metropolitan,Race/Ethnicity,Two or More,2021,68,75,2.0,2021.0,Social Studies,2.1272435897435895,0.9066666666666666
Madison Metropolitan,Race/Ethnicity,Two or More,2022,87,94,2.0,2022.0,ELA,2.0093230737785674,0.925531914893617
Madison Metropolitan,Race/Ethnicity,Two or More,2022,87,94,2.0,2022.0,Mathematics,1.9408771544837518,0.925531914893617
Madison Metropolitan,Race/Ethnicity,Two or More,2022,87,94,2.0,2022.0,Science,2.280829237596155,0.925531914893617
Madison Metropolitan,Race/Ethnicity,Two or More,2022,87,94,2.0,2022.0,Social Studies,2.3730934479054784,0.925531914893617
Madison Metropolitan,Race/Ethnicity,Two or More,2023,117,131,2.0,2023.0,ELA,1.999635642135642,0.8931297709923665
Madison Metropolitan,Race/Ethnicity,Two or More,2023,117,131,2.0,2023.0,Mathematics,2.0895794410268094,0.8931297709923665
Madison Metropolitan,Race/Ethnicity,Two or More,2023,117,131,2.0,2023.0,Science,2.420212842712843,0.8931297709923665
Madison Metropolitan,Race/Ethnicity,Two or More,2023,117,131,2.0,2023.0,Social Studies,2.301806086070792,0.8931297709923665
Madison Metropolitan,Race/Ethnicity,Two or More,2025,92,104,2.0,2025.0,ELA,1.760894660894661,0.8846153846153846
Madison Metropolitan,Race/Ethnicity,Two or More,2025,92,104,2.0,2025.0,Mathematics,1.6343434343434344,0.8846153846153846
Madison Metropolitan,Race/Ethnicity,Two or More,2025,92,104,2.0,2025.0,Science,1.9847222222222223,0.8846153846153846
Madison Metropolitan,Race/Ethnicity,Two or More,2025,92,104,2.0,2025.0,Social Studies,2.087037037037037,0.8846153846153846
Madison Metropolitan,Race/Ethnicity,White,2020,774,817,2.0,2020.0,ELA,2.448840596600264,0.9473684210526315
Madison Metropolitan,Race/Ethnicity,White,2020,774,817,2.0,2020.0,Mathematics,2.360190159945749,0.9473684210526315
Madison Metropolitan,Race/Ethnicity,White,2020,774,817,2.0,2020.0,Science,2.7300887008699477,0.9473684210526315
Madison Metropolitan,Race/Ethnicity,White,2020,774,817,2.0,2020.0,Social Studies,2.8016837869262625,0.9473684210526315
Madison Metropolitan,Race/Ethnicity,White,2021,779,818,2.0,2021.0,ELA,2.5516416862506244,0.9523227383863081
Madison Metropolitan,Race/Ethnicity,White,2021,779,818,2.0,2021.0,Mathematics,2.4464351092272456,0.9523227383863081
Madison Metropolitan,Race/Ethnicity,White,2021,779,818,2.0,2021.0,Science,2.7965665583248698,0.9523227383863081
Madison Metropolitan,Race/Ethnicity,White,2021,779,818,2.0,2021.0,Social Studies,2.9080596555660496,0.9523227383863081
Madison Metropolitan,Race/Ethnicity,White,2022,785,822,2.0,2022.0,ELA,2.5082618558900283,0.9549878345498783
Madison Metropolitan,Race/Ethnicity,White,2022,785,822,2.0,2022.0,Mathematics,2.412568318748532,0.9549878345498783
Madison Metropolitan,Race/Ethnicity,White,2022,785,822,2.0,2022.0,Science,2.8554510792927674,0.9549878345498783
Madison Metropolitan,Race/Ethnicity,White,2022,785,822,2.0,2022.0,Social Studies,2.9393095106595557,0.9549878345498783
Madison Metropolitan,Race/Ethnicity,White,2023,717,755,2.0,2023.0,ELA,2.5322040728779567,0.9496688741721855
Madison Metropolitan,Race/Ethnicity,White,2023,717,755,2.0,2023.0,Mathematics,2.4557685263488915,0.9496688741721855
Madison Metropolitan,Race/Ethnicity,White,2023,717,755,2.0,2023.0,Science,2.9842773429784972,0.9496688741721855
Madison Metropolitan,Race/Ethnicity,White,2023,717,755,2.0,2023.0,Social Studies,2.9013824948656906,0.9496688741721855
Madison Metropolitan,Race/Ethnicity,White,2025,718,759,2.0,2025.0,ELA,2.357189086190743,0.9459815546772069
Madison Metropolitan,Race/Ethnicity,White,2025,718,759,2.0,2025.0,Mathematics,2.0938729833945247,0.9459815546772069
Madison Metropolitan,Race/Ethnicity,White,2025,718,759,2.0,2025.0,Science,2.672297729957044,0.9459815546772069
Madison Metropolitan,Race/Ethnicity,White,2025,718,759,2.0,2025.0,Social Studies,2.698111164671267,0.9459815546772069
